,0
0,"<div class=""col-sm-6"">
<a href=""https://www.travel.com.tw/TOU/TOU0010/23EUF11BNP0622;23EUI13PMS""><img alt=""greece"" src=""https://pic.travel.com.tw/IMP/Hall/16/MTXX_MH20230302_103407997.jpg""/></a>
</div>"
1,"<div class=""col-sm-6 tour"">
<div class=""list-group"">
<a class=""list-group-item list-group-item-action d-flex justify-content-between"" href=""https://www.travel.com.tw/TOU/TOU0010/23EUI11NV"" title=""""><b><i class=""fa fa-caret-right""></i>HOT精釀義大利&gt;多洛米緹秘境、五漁村、藍洞</b></a>
<a class=""list-group-item list-group-item-action d-flex justify-content-between"" href=""https://www.travel.com.tw/TOU/TOU0010/20EUN13HNFD0503%5E20EUN13HNFD0417%5E20EUN13HNFD0502"" title=""""><b><i class=""fa fa-caret-right""></i>北歐四國~三峽灣、高山景觀列車 [夏熱賣]</b></a>
<a class=""list-group-item list-group-item-action d-flex justify-content-between"" href=""https://www.travel.com.tw/TOU/TOU0010/23MEE11G"" title=""""><b><i class=""fa fa-caret-right""></i>你最愛的希臘.愛琴海★預購優惠開跑</b></a>
<a class=""list-group-item list-group-item-action d-flex justify-content-between"" href=""https://www.travel.com.tw/TOU/TOU0010/23EUE10VVCP%5E23EUE10VVCP-1%5E23EUE10MVCP"" title=""""><b><i class=""fa fa-caret-right""></i>不用十萬CP值最高 ★ 愛上布拉格奧捷10天</b></a>
<a class=""list-group-item list-group-item-action d-flex justify-content-between"" href=""/TOU/TOU0010/23EUE14ZH"" title=""""><b><i class=""fa fa-caret-right""></i>NEW超驚豔 頂規體驗!!瑞士極盡峰景14天</b></a>
</div>
</div>"
2,"<div class=""col-sm-6""><a class=""list-group-item list-group-item-action d-flex justify-content-between"" href=""/TOU/TOU0010/22EUF08CLAB"" title=""歐洲金三角法英比荷8天自由行 （兩人成行）Europam..""><b>歐洲金三角法英比荷8天自由行 （兩人成行）Europam..</b><span class=""badge badge-pill""><big class=""red num02"">37,999</big>起</span></a></div>"
3,"<div class=""col-sm-6""><a class=""list-group-item list-group-item-action d-flex justify-content-between"" href=""/TOU/TOU0010/22EUR12LON"" title=""英愛全覽12天自由行 （兩人成行）Europamundo..""><b>英愛全覽12天自由行 （兩人成行）Europamundo..</b><span class=""badge badge-pill""><big class=""red num02"">64,999</big>起</span></a></div>"
4,"<div class=""col-sm-6""><a class=""list-group-item list-group-item-action d-flex justify-content-between"" href=""/TOU/TOU0010/22EUE13PA"" title=""精緻歐洲七國13天自由行 （兩人成行）Europamun..""><b>精緻歐洲七國13天自由行 （兩人成行）Europamun..</b><span class=""badge badge-pill""><big class=""red num02"">58,999</big>起</span></a></div>"
5,"<div class=""col-sm-6""><a class=""list-group-item list-group-item-action d-flex justify-content-between"" href=""/TOU/TOU0010/23EUR10LFBR"" title=""玫瑰與百合 英法聖米歇爾山10天(加贈英式下午茶、雙遊船..""><b>玫瑰與百合 英法聖米歇爾山10天(加贈英式下午茶、雙遊船..</b><span class=""badge badge-pill""><big class=""red num02"">112,900</big>起</span></a></div>"
6,"<div class=""col-sm-6""><a class=""list-group-item list-group-item-action d-flex justify-content-between"" href=""/TOU/TOU0010/22EUR08PABR"" title=""魅力歐洲~法比荷 最愛羅浮宮、特色三遊船、絕美羊角村、運..""><b>魅力歐洲~法比荷 最愛羅浮宮、特色三遊船、絕美羊角村、運..</b><span class=""badge badge-pill""><big class=""red num02"">75,900</big>起</span></a></div>"
7,"<div class=""col-sm-6""><a class=""list-group-item list-group-item-action d-flex justify-content-between"" href=""/TOU/TOU0010/EUR230420"" title=""荷蘭比利時大城小鎮花語11天（法蘭德斯旅遊局推薦行程；子..""><b>荷蘭比利時大城小鎮花語11天（法蘭德斯旅遊局推薦行程；子..</b><span class=""badge badge-pill""><big class=""red num02"">128,900</big>起</span></a></div>"
8,"<div class=""col-sm-6""><a class=""list-group-item list-group-item-action d-flex justify-content-between"" href=""/TOU/TOU0010/23EUR0427"" title=""荷蘭比利時大城小鎮花語10天（法蘭德斯旅遊局推薦行程；子..""><b>荷蘭比利時大城小鎮花語10天（法蘭德斯旅遊局推薦行程；子..</b><span class=""badge badge-pill""><big class=""red num02"">129,900</big>起</span></a></div>"
9,"<div class=""col-sm-6""><a class=""list-group-item list-group-item-action d-flex justify-content-between"" href=""/TOU/TOU0010/23EUR10DAA"" title=""荷蘭比利時大城小鎮花語10天（法蘭德斯旅遊局推薦行程；子..""><b>荷蘭比利時大城小鎮花語10天（法蘭德斯旅遊局推薦行程；子..</b><span class=""badge badge-pill""><big class=""red num02"">124,900</big>起</span></a></div>"
10,"<div class=""col-sm-6""><a class=""list-group-item list-group-item-action d-flex justify-content-between"" href=""/TOU/TOU0010/23EUR10AD2^23EUR10AD4^23EUR10AD6^23EUR10AD8"" title=""荷蘭比利時大城小鎮花語10天（法蘭德斯旅遊局推薦行程；乳..""><b>荷蘭比利時大城小鎮花語10天（法蘭德斯旅遊局推薦行程；乳..</b><span class=""badge badge-pill""><big class=""red num02"">124,900</big>起</span></a></div>"
11,"<div class=""col-sm-6""><a class=""list-group-item list-group-item-action d-flex justify-content-between"" href=""/TOU/TOU0010/23EUF12BR"" title=""登峰造極~法瑞義.鐵力士山12天(全球最陡滾輪列車.雙高..""><b>登峰造極~法瑞義.鐵力士山12天(全球最陡滾輪列車.雙高..</b><span class=""badge badge-pill""><big class=""red num02"">123,900</big>起</span></a></div>"
12,"<div class=""col-sm-6""><a class=""list-group-item list-group-item-action d-flex justify-content-between"" href=""/TOU/TOU0010/22EUR08PABR"" title=""魅力歐洲~法比荷 最愛羅浮宮、特色三遊船、絕美羊角村、運..""><b>魅力歐洲~法比荷 最愛羅浮宮、特色三遊船、絕美羊角村、運..</b><span class=""badge badge-pill""><big class=""red num02"">75,900</big>起</span></a></div>"
13,"<div class=""col-sm-6""><a class=""list-group-item list-group-item-action d-flex justify-content-between"" href=""/TOU/TOU0010/EUR230420"" title=""荷蘭比利時大城小鎮花語11天（法蘭德斯旅遊局推薦行程；子..""><b>荷蘭比利時大城小鎮花語11天（法蘭德斯旅遊局推薦行程；子..</b><span class=""badge badge-pill""><big class=""red num02"">128,900</big>起</span></a></div>"
14,"<div class=""col-sm-6""><a class=""list-group-item list-group-item-action d-flex justify-content-between"" href=""/TOU/TOU0010/23EUR0427"" title=""荷蘭比利時大城小鎮花語10天（法蘭德斯旅遊局推薦行程；子..""><b>荷蘭比利時大城小鎮花語10天（法蘭德斯旅遊局推薦行程；子..</b><span class=""badge badge-pill""><big class=""red num02"">129,900</big>起</span></a></div>"
15,"<div class=""col-sm-6""><a class=""list-group-item list-group-item-action d-flex justify-content-between"" href=""/TOU/TOU0010/23EUR10DAA"" title=""荷蘭比利時大城小鎮花語10天（法蘭德斯旅遊局推薦行程；子..""><b>荷蘭比利時大城小鎮花語10天（法蘭德斯旅遊局推薦行程；子..</b><span class=""badge badge-pill""><big class=""red num02"">124,900</big>起</span></a></div>"
16,"<div class=""col-sm-6""><a class=""list-group-item list-group-item-action d-flex justify-content-between"" href=""/TOU/TOU0010/23EUR10AD2^23EUR10AD4^23EUR10AD6^23EUR10AD8"" title=""荷蘭比利時大城小鎮花語10天（法蘭德斯旅遊局推薦行程；乳..""><b>荷蘭比利時大城小鎮花語10天（法蘭德斯旅遊局推薦行程；乳..</b><span class=""badge badge-pill""><big class=""red num02"">124,900</big>起</span></a></div>"
17,"<div class=""col-sm-6""><a class=""list-group-item list-group-item-action d-flex justify-content-between"" href=""/TOU/TOU0010/22EUR08PABR"" title=""魅力歐洲~法比荷 最愛羅浮宮、特色三遊船、絕美羊角村、運..""><b>魅力歐洲~法比荷 最愛羅浮宮、特色三遊船、絕美羊角村、運..</b><span class=""badge badge-pill""><big class=""red num02"">75,900</big>起</span></a></div>"
18,"<div class=""col-sm-6""><a class=""list-group-item list-group-item-action d-flex justify-content-between"" href=""/TOU/TOU0010/EUR230420"" title=""荷蘭比利時大城小鎮花語11天（法蘭德斯旅遊局推薦行程；子..""><b>荷蘭比利時大城小鎮花語11天（法蘭德斯旅遊局推薦行程；子..</b><span class=""badge badge-pill""><big class=""red num02"">128,900</big>起</span></a></div>"
19,"<div class=""col-sm-6""><a class=""list-group-item list-group-item-action d-flex justify-content-between"" href=""/TOU/TOU0010/23EUR0427"" title=""荷蘭比利時大城小鎮花語10天（法蘭德斯旅遊局推薦行程；子..""><b>荷蘭比利時大城小鎮花語10天（法蘭德斯旅遊局推薦行程；子..</b><span class=""badge badge-pill""><big class=""red num02"">129,900</big>起</span></a></div>"
20,"<div class=""col-sm-6""><a class=""list-group-item list-group-item-action d-flex justify-content-between"" href=""/TOU/TOU0010/23EUR10DAA"" title=""荷蘭比利時大城小鎮花語10天（法蘭德斯旅遊局推薦行程；子..""><b>荷蘭比利時大城小鎮花語10天（法蘭德斯旅遊局推薦行程；子..</b><span class=""badge badge-pill""><big class=""red num02"">124,900</big>起</span></a></div>"
21,"<div class=""col-sm-6""><a class=""list-group-item list-group-item-action d-flex justify-content-between"" href=""/TOU/TOU0010/23EUR10AD2^23EUR10AD4^23EUR10AD6^23EUR10AD8"" title=""荷蘭比利時大城小鎮花語10天（法蘭德斯旅遊局推薦行程；乳..""><b>荷蘭比利時大城小鎮花語10天（法蘭德斯旅遊局推薦行程；乳..</b><span class=""badge badge-pill""><big class=""red num02"">124,900</big>起</span></a></div>"
22,"<div class=""col-sm-6""><a class=""list-group-item list-group-item-action d-flex justify-content-between"" href=""/TOU/TOU0010/22EUR09LL"" title=""英國倫敦雙學院巡禮9天(英式下午茶、雙遊船、OUTLET..""><b>英國倫敦雙學院巡禮9天(英式下午茶、雙遊船、OUTLET..</b><span class=""badge badge-pill""><big class=""red num02"">105,900</big>起</span></a></div>"
23,"<div class=""col-sm-6""><a class=""list-group-item list-group-item-action d-flex justify-content-between"" href=""/TOU/TOU0010/22EUR09LL-TTE"" title=""【線上旅展 前十名 第二人減五仟】英國倫敦雙學院巡禮9天..""><b>【線上旅展 前十名 第二人減五仟】英國倫敦雙學院巡禮9天..</b><span class=""badge badge-pill""><big class=""red num02"">105,900</big>起</span></a></div>"
24,"<div class=""col-sm-6""><a class=""list-group-item list-group-item-action d-flex justify-content-between"" href=""/TOU/TOU0010/23EUR10LFBR"" title=""玫瑰與百合 英法聖米歇爾山10天(加贈英式下午茶、雙遊船..""><b>玫瑰與百合 英法聖米歇爾山10天(加贈英式下午茶、雙遊船..</b><span class=""badge badge-pill""><big class=""red num02"">112,900</big>起</span></a></div>"
25,"<div class=""col-sm-6""><a class=""list-group-item list-group-item-action d-flex justify-content-between"" href=""/TOU/TOU0010/23EUR11L"" title=""英國 鄉村童話 魔法世界 高地鐵道 11 日""><b>英國 鄉村童話 魔法世界 高地鐵道 11 日</b><span class=""badge badge-pill""><big class=""red num02"">144,900</big>起</span></a></div>"
26,"<div class=""col-sm-6""><a class=""list-group-item list-group-item-action d-flex justify-content-between"" href=""/TOU/TOU0010/23EUR12LBR"" title=""英國 鄉村童話 魔法世界 高地鐵道 12日""><b>英國 鄉村童話 魔法世界 高地鐵道 12日</b><span class=""badge badge-pill""><big class=""red num02"">150,900</big>起</span></a></div>"
27,"<div class=""col-sm-6""><a class=""list-group-item list-group-item-action d-flex justify-content-between"" href=""/TOU/TOU0010/23EUR11LTTE"" title=""【線上旅展~前十名第二人省6千】英國深度 鄉村童話 魔法..""><b>【線上旅展~前十名第二人省6千】英國深度 鄉村童話 魔法..</b><span class=""badge badge-pill""><big class=""red num02"">142,903</big>起</span></a></div>"
28,"<div class=""col-sm-6""><a class=""list-group-item list-group-item-action d-flex justify-content-between"" href=""/TOU/TOU0010/23EUR12LBRTTE"" title=""【線上旅展 前十名第二人省七千】英國深度 鄉村童話 魔法..""><b>【線上旅展 前十名第二人省七千】英國深度 鄉村童話 魔法..</b><span class=""badge badge-pill""><big class=""red num02"">150,900</big>起</span></a></div>"
29,"<div class=""col-sm-6""><a class=""list-group-item list-group-item-action d-flex justify-content-between"" href=""/TOU/TOU0010/23EUR16LL"" title=""金牌特務 愛爾蘭巨人.壯闊北高地.雙米推雙遊船.大英博物..""><b>金牌特務 愛爾蘭巨人.壯闊北高地.雙米推雙遊船.大英博物..</b><span class=""badge badge-pill""><big class=""red num02"">198,900</big>起</span></a></div>"
30,"<div class=""col-sm-6""><a class=""list-group-item list-group-item-action d-flex justify-content-between"" href=""/TOU/TOU0010/23EUR16LLV"" title=""金牌特務 愛爾蘭巨人.壯闊北高地.雙米推雙遊船.大英博物..""><b>金牌特務 愛爾蘭巨人.壯闊北高地.雙米推雙遊船.大英博物..</b><span class=""badge badge-pill""><big class=""red num02"">211,900</big>起</span></a></div>"
31,"<div class=""col-sm-6""><a class=""list-group-item list-group-item-action d-flex justify-content-between"" href=""/TOU/TOU0010/23EUR18B"" title=""《金鳳凰》不列顛大不同.英國愛爾蘭18天""><b>《金鳳凰》不列顛大不同.英國愛爾蘭18天</b><span class=""badge badge-pill""><big class=""red num02"">277,000</big>起</span></a></div>"
32,"<div class=""col-sm-6""><a class=""list-group-item list-group-item-action d-flex justify-content-between"" href=""/TOU/TOU0010/23EUR18BM"" title=""《金鳳凰》不列顛大不同.英國愛爾蘭18天~愛丁堡軍樂節""><b>《金鳳凰》不列顛大不同.英國愛爾蘭18天~愛丁堡軍樂節</b><span class=""badge badge-pill""><big class=""red num02"">289,000</big>起</span></a></div>"
33,"<div class=""col-sm-6""><a class=""list-group-item list-group-item-action d-flex justify-content-between"" href=""/TOU/TOU0010/23EUR16LL"" title=""金牌特務 愛爾蘭巨人.壯闊北高地.雙米推雙遊船.大英博物..""><b>金牌特務 愛爾蘭巨人.壯闊北高地.雙米推雙遊船.大英博物..</b><span class=""badge badge-pill""><big class=""red num02"">198,900</big>起</span></a></div>"
34,"<div class=""col-sm-6""><a class=""list-group-item list-group-item-action d-flex justify-content-between"" href=""/TOU/TOU0010/23EUR16LLV"" title=""金牌特務 愛爾蘭巨人.壯闊北高地.雙米推雙遊船.大英博物..""><b>金牌特務 愛爾蘭巨人.壯闊北高地.雙米推雙遊船.大英博物..</b><span class=""badge badge-pill""><big class=""red num02"">211,900</big>起</span></a></div>"
35,"<div class=""col-sm-6""><a class=""list-group-item list-group-item-action d-flex justify-content-between"" href=""/TOU/TOU0010/23EUR18B"" title=""《金鳳凰》不列顛大不同.英國愛爾蘭18天""><b>《金鳳凰》不列顛大不同.英國愛爾蘭18天</b><span class=""badge badge-pill""><big class=""red num02"">277,000</big>起</span></a></div>"
36,"<div class=""col-sm-6""><a class=""list-group-item list-group-item-action d-flex justify-content-between"" href=""/TOU/TOU0010/23EUR18BM"" title=""《金鳳凰》不列顛大不同.英國愛爾蘭18天~愛丁堡軍樂節""><b>《金鳳凰》不列顛大不同.英國愛爾蘭18天~愛丁堡軍樂節</b><span class=""badge badge-pill""><big class=""red num02"">289,000</big>起</span></a></div>"
37,"<div class=""col-sm-6""><a class=""list-group-item list-group-item-action d-flex justify-content-between"" href=""/TOU/TOU0010/22EUR10RP"" title=""浪漫義瑞法三國10天自由行 （兩人成行）Europamu..""><b>浪漫義瑞法三國10天自由行 （兩人成行）Europamu..</b><span class=""badge badge-pill""><big class=""red num02"">41,999</big>起</span></a></div>"
38,"<div class=""col-sm-6""><a class=""list-group-item list-group-item-action d-flex justify-content-between"" href=""/TOU/TOU0010/22EUF14FRA"" title=""絢麗法國全覽14天自由行 （兩人成行）Europamun..""><b>絢麗法國全覽14天自由行 （兩人成行）Europamun..</b><span class=""badge badge-pill""><big class=""red num02"">69,999</big>起</span></a></div>"
39,"<div class=""col-sm-6""><a class=""list-group-item list-group-item-action d-flex justify-content-between"" href=""/TOU/TOU0010/23EUI13PM"" title=""C’EST SI BON法義普羅旺斯.五漁村.天空之城三..""><b>C’EST SI BON法義普羅旺斯.五漁村.天空之城三..</b><span class=""badge badge-pill""><big class=""red num02"">152,900</big>起</span></a></div>"
40,"<div class=""col-sm-6""><a class=""list-group-item list-group-item-action d-flex justify-content-between"" href=""/TOU/TOU0010/23EUI13PMS"" title=""夏日薰香法義普羅旺斯.天空之城三高鐵13天(雙米其林、雙..""><b>夏日薰香法義普羅旺斯.天空之城三高鐵13天(雙米其林、雙..</b><span class=""badge badge-pill""><big class=""red num02"">158,900</big>起</span></a></div>"
41,"<div class=""col-sm-6""><a class=""list-group-item list-group-item-action d-flex justify-content-between"" href=""/TOU/TOU0010/23EUF08BR"" title=""Bonjour Paris巴黎美好時代漫遊8天(巴黎來回..""><b>Bonjour Paris巴黎美好時代漫遊8天(巴黎來回..</b><span class=""badge badge-pill""><big class=""red num02"">73,900</big>起</span></a></div>"
42,"<div class=""col-sm-6""><a class=""list-group-item list-group-item-action d-flex justify-content-between"" href=""/TOU/TOU0010/22EUF11AF^23EUF11MCCX^23EUF11MCBR"" title=""邂逅南法普羅旺斯.蔚藍海岸.浪漫花都11天""><b>邂逅南法普羅旺斯.蔚藍海岸.浪漫花都11天</b><span class=""badge badge-pill""><big class=""red num02"">123,900</big>起</span></a></div>"
43,"<div class=""col-sm-6""><a class=""list-group-item list-group-item-action d-flex justify-content-between"" href=""/TOU/TOU0010/23EUF11BNP0622"" title=""夏日薰香漫步法蘭西11天(雙宮.雙米其林+巴黎影子餐廳+..""><b>夏日薰香漫步法蘭西11天(雙宮.雙米其林+巴黎影子餐廳+..</b><span class=""badge badge-pill""><big class=""red num02"">134,900</big>起</span></a></div>"
44,"<div class=""col-sm-6""><a class=""list-group-item list-group-item-action d-flex justify-content-between"" href=""/TOU/TOU0010/EUF230730TK"" title=""情定南法〜金色向日葵、普羅旺斯、浪漫花都11天""><b>情定南法〜金色向日葵、普羅旺斯、浪漫花都11天</b><span class=""badge badge-pill""><big class=""red num02"">132,900</big>起</span></a></div>"
45,"<div class=""col-sm-6""><a class=""list-group-item list-group-item-action d-flex justify-content-between"" href=""/TOU/TOU0010/23EUF15NCE"" title=""悠遊法國~波爾多、尼斯蔚藍海岸、卡爾卡頌城堡、諾曼地、聖..""><b>悠遊法國~波爾多、尼斯蔚藍海岸、卡爾卡頌城堡、諾曼地、聖..</b><span class=""badge badge-pill""><big class=""red num02"">193,900</big>起</span></a></div>"
46,"<div class=""col-sm-6""><a class=""list-group-item list-group-item-action d-flex justify-content-between"" href=""/TOU/TOU0010/23EUF10BRN"" title=""印象法蘭西聖米歇爾山10天(雙博物館.巴黎飯店三晚)""><b>印象法蘭西聖米歇爾山10天(雙博物館.巴黎飯店三晚)</b><span class=""badge badge-pill""><big class=""red num02"">115,900</big>起</span></a></div>"
47,"<div class=""col-sm-6""><a class=""list-group-item list-group-item-action d-flex justify-content-between"" href=""/TOU/TOU0010/23EUF10BR-1"" title=""法式情懷 北法時尚風格10天 (左岸散步之旅、塞納河遊船..""><b>法式情懷 北法時尚風格10天 (左岸散步之旅、塞納河遊船..</b><span class=""badge badge-pill""><big class=""red num02"">97,900</big>起</span></a></div>"
48,"<div class=""col-sm-6""><a class=""list-group-item list-group-item-action d-flex justify-content-between"" href=""/TOU/TOU0010/23EUR10LFBR"" title=""玫瑰與百合 英法聖米歇爾山10天(加贈英式下午茶、雙遊船..""><b>玫瑰與百合 英法聖米歇爾山10天(加贈英式下午茶、雙遊船..</b><span class=""badge badge-pill""><big class=""red num02"">112,900</big>起</span></a></div>"
49,"<div class=""col-sm-6""><a class=""list-group-item list-group-item-action d-flex justify-content-between"" href=""/TOU/TOU0010/22EUR08PABR"" title=""魅力歐洲~法比荷 最愛羅浮宮、特色三遊船、絕美羊角村、運..""><b>魅力歐洲~法比荷 最愛羅浮宮、特色三遊船、絕美羊角村、運..</b><span class=""badge badge-pill""><big class=""red num02"">75,900</big>起</span></a></div>"
50,"<div class=""col-sm-6""><a class=""list-group-item list-group-item-action d-flex justify-content-between"" href=""/TOU/TOU0010/23EUF12BR"" title=""登峰造極~法瑞義.鐵力士山12天(全球最陡滾輪列車.雙高..""><b>登峰造極~法瑞義.鐵力士山12天(全球最陡滾輪列車.雙高..</b><span class=""badge badge-pill""><big class=""red num02"">123,900</big>起</span></a></div>"
51,"<div class=""col-sm-6""><a class=""list-group-item list-group-item-action d-flex justify-content-between"" href=""/TOU/TOU0010/22EUS14MAD"" title=""伊比利半島全覽12天自由行 （兩人成行）Europamu..""><b>伊比利半島全覽12天自由行 （兩人成行）Europamu..</b><span class=""badge badge-pill""><big class=""red num02"">44,999</big>起</span></a></div>"
52,"<div class=""col-sm-6""><a class=""list-group-item list-group-item-action d-flex justify-content-between"" href=""/TOU/TOU0010/22EUS11LBA"" title=""HOLA~西葡陽光海岸.安達魯西亞風情11天(雙點進出)""><b>HOLA~西葡陽光海岸.安達魯西亞風情11天(雙點進出)</b><span class=""badge badge-pill""><big class=""red num02"">92,900</big>起</span></a></div>"
53,"<div class=""col-sm-6""><a class=""list-group-item list-group-item-action d-flex justify-content-between"" href=""/TOU/TOU0010/23EUS11PM"" title=""醉美葡摩   魔幻山城11天 (雙點進出、米其林、五星三..""><b>醉美葡摩   魔幻山城11天 (雙點進出、米其林、五星三..</b><span class=""badge badge-pill""><big class=""red num02"">116,900</big>起</span></a></div>"
54,"<div class=""col-sm-6""><a class=""list-group-item list-group-item-action d-flex justify-content-between"" href=""/TOU/TOU0010/23EUF12BR"" title=""登峰造極~法瑞義.鐵力士山12天(全球最陡滾輪列車.雙高..""><b>登峰造極~法瑞義.鐵力士山12天(全球最陡滾輪列車.雙高..</b><span class=""badge badge-pill""><big class=""red num02"">123,900</big>起</span></a></div>"
55,"<div class=""col-sm-6""><a class=""list-group-item list-group-item-action d-flex justify-content-between"" href=""/TOU/TOU0010/22EUI08RV"" title=""古典交響曲義奧8天自由行 （兩人成行）Europamun..""><b>古典交響曲義奧8天自由行 （兩人成行）Europamun..</b><span class=""badge badge-pill""><big class=""red num02"">33,999</big>起</span></a></div>"
56,"<div class=""col-sm-6""><a class=""list-group-item list-group-item-action d-flex justify-content-between"" href=""/TOU/TOU0010/22EUR10RP"" title=""浪漫義瑞法三國10天自由行 （兩人成行）Europamu..""><b>浪漫義瑞法三國10天自由行 （兩人成行）Europamu..</b><span class=""badge badge-pill""><big class=""red num02"">41,999</big>起</span></a></div>"
57,"<div class=""col-sm-6""><a class=""list-group-item list-group-item-action d-flex justify-content-between"" href=""/TOU/TOU0010/22EUI10BR"" title=""義大利天空之城彩色島雙米其林三高鐵10天(榮獲2015金..""><b>義大利天空之城彩色島雙米其林三高鐵10天(榮獲2015金..</b><span class=""badge badge-pill""><big class=""red num02"">108,900</big>起</span></a></div>"
58,"<div class=""col-sm-6""><a class=""list-group-item list-group-item-action d-flex justify-content-between"" href=""/TOU/TOU0010/23EUI10CI"" title=""義大利天空之城、彩色島、三高鐵10天(金質旅遊獎)""><b>義大利天空之城、彩色島、三高鐵10天(金質旅遊獎)</b><span class=""badge badge-pill""><big class=""red num02"">108,900</big>起</span></a></div>"
59,"<div class=""col-sm-6""><a class=""list-group-item list-group-item-action d-flex justify-content-between"" href=""/TOU/TOU0010/23EUI13PM"" title=""C’EST SI BON法義普羅旺斯.五漁村.天空之城三..""><b>C’EST SI BON法義普羅旺斯.五漁村.天空之城三..</b><span class=""badge badge-pill""><big class=""red num02"">152,900</big>起</span></a></div>"
60,"<div class=""col-sm-6""><a class=""list-group-item list-group-item-action d-flex justify-content-between"" href=""/TOU/TOU0010/23EUI11TK"" title=""長馬靴義大利雙島11天(卡布里島、威尼斯島、Serrav..""><b>長馬靴義大利雙島11天(卡布里島、威尼斯島、Serrav..</b><span class=""badge badge-pill""><big class=""red num02"">116,900</big>起</span></a></div>"
61,"<div class=""col-sm-6""><a class=""list-group-item list-group-item-action d-flex justify-content-between"" href=""/TOU/TOU0010/23EUI11NV"" title=""精釀義大利山海戀11天（多洛米緹山林秘境與彩虹五漁村；雙..""><b>精釀義大利山海戀11天（多洛米緹山林秘境與彩虹五漁村；雙..</b><span class=""badge badge-pill""><big class=""red num02"">129,900</big>起</span></a></div>"
62,"<div class=""col-sm-6""><a class=""list-group-item list-group-item-action d-flex justify-content-between"" href=""/TOU/TOU0010/23EUI11TKVIVI"" title=""長馬靴義大利雙島11天升級版(卡布里島、威尼斯島、Ser..""><b>長馬靴義大利雙島11天升級版(卡布里島、威尼斯島、Ser..</b><span class=""badge badge-pill""><big class=""red num02"">130,900</big>起</span></a></div>"
63,"<div class=""col-sm-6""><a class=""list-group-item list-group-item-action d-flex justify-content-between"" href=""/TOU/TOU0010/23EUI13S"" title=""地中海璀璨三島 美麗傳說13天（  卡布里島、西西里、 ..""><b>地中海璀璨三島 美麗傳說13天（  卡布里島、西西里、 ..</b><span class=""badge badge-pill""><big class=""red num02"">156,900</big>起</span></a></div>"
64,"<div class=""col-sm-6""><a class=""list-group-item list-group-item-action d-flex justify-content-between"" href=""/TOU/TOU0010/23EUI13MP"" title=""熱情洋義13天(雙點進出、卡布里、阿瑪菲海岸、西西里島、..""><b>熱情洋義13天(雙點進出、卡布里、阿瑪菲海岸、西西里島、..</b><span class=""badge badge-pill""><big class=""red num02"">167,900</big>起</span></a></div>"
65,"<div class=""col-sm-6""><a class=""list-group-item list-group-item-action d-flex justify-content-between"" href=""/TOU/TOU0010/23EUI13CII^23EUI13BRI"" title=""濃情蜜義13天(卡布里. 阿瑪菲海岸. 童話蘑菇村. 雙..""><b>濃情蜜義13天(卡布里. 阿瑪菲海岸. 童話蘑菇村. 雙..</b><span class=""badge badge-pill""><big class=""red num02"">141,900</big>起</span></a></div>"
66,"<div class=""col-sm-6""><a class=""list-group-item list-group-item-action d-flex justify-content-between"" href=""/TOU/TOU0010/23EUI13BRR^23EUI13CI230427^23EUI13CI"" title=""義式風格~義大利全覽13天(卡布里. 阿瑪菲海岸. 童話..""><b>義式風格~義大利全覽13天(卡布里. 阿瑪菲海岸. 童話..</b><span class=""badge badge-pill""><big class=""red num02"">129,900</big>起</span></a></div>"
67,"<div class=""col-sm-6""><a class=""list-group-item list-group-item-action d-flex justify-content-between"" href=""/TOU/TOU0010/23EUI14CI^23EUI14BR^23EUI14BR230425"" title=""義式風格~義大利全覽14天(卡布里. 阿瑪菲海岸. 童話..""><b>義式風格~義大利全覽14天(卡布里. 阿瑪菲海岸. 童話..</b><span class=""badge badge-pill""><big class=""red num02"">137,900</big>起</span></a></div>"
68,"<div class=""col-sm-6""><a class=""list-group-item list-group-item-action d-flex justify-content-between"" href=""/TOU/TOU0010/23EUI13BR"" title=""義式風格~義大利全覽13天(卡布里. 阿瑪菲海岸. 童話..""><b>義式風格~義大利全覽13天(卡布里. 阿瑪菲海岸. 童話..</b><span class=""badge badge-pill""><big class=""red num02"">137,900</big>起</span></a></div>"
69,"<div class=""col-sm-6""><a class=""list-group-item list-group-item-action d-flex justify-content-between"" href=""/TOU/TOU0010/23EUI13PMS"" title=""夏日薰香法義普羅旺斯.天空之城三高鐵13天(雙米其林、雙..""><b>夏日薰香法義普羅旺斯.天空之城三高鐵13天(雙米其林、雙..</b><span class=""badge badge-pill""><big class=""red num02"">158,900</big>起</span></a></div>"
70,"<div class=""col-sm-6""><a class=""list-group-item list-group-item-action d-flex justify-content-between"" href=""/TOU/TOU0010/23EUI14A"" title=""《金鳳凰》義大利.多洛米提14天(限額收客.飯店內晚餐...""><b>《金鳳凰》義大利.多洛米提14天(限額收客.飯店內晚餐...</b><span class=""badge badge-pill""><big class=""red num02"">227,000</big>起</span></a></div>"
71,"<div class=""col-sm-6""><a class=""list-group-item list-group-item-action d-flex justify-content-between"" href=""/TOU/TOU0010/23EUE14G"" title=""《金鳳凰》阿爾卑斯山東麓.山水祕境14天(多洛米提.高薩..""><b>《金鳳凰》阿爾卑斯山東麓.山水祕境14天(多洛米提.高薩..</b><span class=""badge badge-pill""><big class=""red num02"">210,000</big>起</span></a></div>"
72,"<div class=""col-sm-6""><a class=""list-group-item list-group-item-action d-flex justify-content-between"" href=""/TOU/TOU0010/23EUF12BR"" title=""登峰造極~法瑞義.鐵力士山12天(全球最陡滾輪列車.雙高..""><b>登峰造極~法瑞義.鐵力士山12天(全球最陡滾輪列車.雙高..</b><span class=""badge badge-pill""><big class=""red num02"">123,900</big>起</span></a></div>"
73,"<div class=""col-sm-6""><a class=""list-group-item list-group-item-action d-flex justify-content-between"" href=""/TOU/TOU0010/23EUI13S"" title=""地中海璀璨三島 美麗傳說13天（  卡布里島、西西里、 ..""><b>地中海璀璨三島 美麗傳說13天（  卡布里島、西西里、 ..</b><span class=""badge badge-pill""><big class=""red num02"">156,900</big>起</span></a></div>"
74,"<div class=""col-sm-6""><a class=""list-group-item list-group-item-action d-flex justify-content-between"" href=""/TOU/TOU0010/19EUS11MBSF"" title=""HOLA! 西班牙超值選~安達魯西亞風情11天(雙點進出..""><b>HOLA! 西班牙超值選~安達魯西亞風情11天(雙點進出..</b><span class=""badge badge-pill""><big class=""red num02"">94,900</big>起</span></a></div>"
75,"<div class=""col-sm-6""><a class=""list-group-item list-group-item-action d-flex justify-content-between"" href=""/TOU/TOU0010/22EUS11MB"" title=""西班牙摘星緣舞曲11天(全程五星. 米其林. 太陽美食指..""><b>西班牙摘星緣舞曲11天(全程五星. 米其林. 太陽美食指..</b><span class=""badge badge-pill""><big class=""red num02"">137,900</big>起</span></a></div>"
76,"<div class=""col-sm-6""><a class=""list-group-item list-group-item-action d-flex justify-content-between"" href=""/TOU/TOU0010/23EUS11MB4S"" title=""伊比利聞西起舞11天(六晚五星、巴塞隆納三晚、米其林一星..""><b>伊比利聞西起舞11天(六晚五星、巴塞隆納三晚、米其林一星..</b><span class=""badge badge-pill""><big class=""red num02"">126,900</big>起</span></a></div>"
77,"<div class=""col-sm-6""><a class=""list-group-item list-group-item-action d-flex justify-content-between"" href=""/TOU/TOU0010/22EUS11PL"" title=""航向葡萄牙.波多酒鄉懷舊11天 (雙點進出. 雙遊船. ..""><b>航向葡萄牙.波多酒鄉懷舊11天 (雙點進出. 雙遊船. ..</b><span class=""badge badge-pill""><big class=""red num02"">97,900</big>起</span></a></div>"
78,"<div class=""col-sm-6""><a class=""list-group-item list-group-item-action d-flex justify-content-between"" href=""/TOU/TOU0010/23EUS11PM"" title=""醉美葡摩   魔幻山城11天 (雙點進出、米其林、五星三..""><b>醉美葡摩   魔幻山城11天 (雙點進出、米其林、五星三..</b><span class=""badge badge-pill""><big class=""red num02"">116,900</big>起</span></a></div>"
79,"<div class=""col-sm-6""><a class=""list-group-item list-group-item-action d-flex justify-content-between"" href=""/TOU/TOU0020/22EUR10AA1/ESG03221023ATT"" title=""希臘雅典雙島~米克諾斯、聖多里尼10天輕奢旅行(兩人成行..""><b>希臘雅典雙島~米克諾斯、聖多里尼10天輕奢旅行(兩人成行..</b><span class=""badge badge-pill""><big class=""red num02"">48,800</big>起</span></a></div>"
80,"<div class=""col-sm-6""><a class=""list-group-item list-group-item-action d-flex justify-content-between"" href=""/TOU/TOU0010/23MEE11G^23MEE1005"" title=""超進化版～希臘天空之城單飛三米其林愛琴海三島遊11天 (..""><b>超進化版～希臘天空之城單飛三米其林愛琴海三島遊11天 (..</b><span class=""badge badge-pill""><big class=""red num02"">139,900</big>起</span></a></div>"
81,"<div class=""col-sm-6""><a class=""list-group-item list-group-item-action d-flex justify-content-between"" href=""/TOU/TOU0010/23MEE11GC"" title=""希臘天空之城愛琴海三島遊11天 (四星六晚；五星一晚)""><b>希臘天空之城愛琴海三島遊11天 (四星六晚；五星一晚)</b><span class=""badge badge-pill""><big class=""red num02"">117,900</big>起</span></a></div>"
82,"<div class=""col-sm-6""><a class=""list-group-item list-group-item-action d-flex justify-content-between"" href=""/TOU/TOU0010/23MEE0629"" title=""超進化版～希臘天空之城單飛三米其林愛琴海三島遊12天 (..""><b>超進化版～希臘天空之城單飛三米其林愛琴海三島遊12天 (..</b><span class=""badge badge-pill""><big class=""red num02"">152,900</big>起</span></a></div>"
83,"<div class=""col-sm-6""><a class=""list-group-item list-group-item-action d-flex justify-content-between"" href=""/TOU/TOU0010/22EUE13PA"" title=""精緻歐洲七國13天自由行 （兩人成行）Europamun..""><b>精緻歐洲七國13天自由行 （兩人成行）Europamun..</b><span class=""badge badge-pill""><big class=""red num02"">58,999</big>起</span></a></div>"
84,"<div class=""col-sm-6""><a class=""list-group-item list-group-item-action d-flex justify-content-between"" href=""/TOU/TOU0010/22EUE10DCHM^22EUE10DCHM2"" title=""德瑞浪漫雙峰會10天(少女峰.楚格峰.黃金列車頭等艙)""><b>德瑞浪漫雙峰會10天(少女峰.楚格峰.黃金列車頭等艙)</b><span class=""badge badge-pill""><big class=""red num02"">119,900</big>起</span></a></div>"
85,"<div class=""col-sm-6""><a class=""list-group-item list-group-item-action d-flex justify-content-between"" href=""/TOU/TOU0010/23EUE10DFF1"" title=""德瑞浪漫雙峰會10天（楚格峰、少女峰、黃金列車頭等艙、米..""><b>德瑞浪漫雙峰會10天（楚格峰、少女峰、黃金列車頭等艙、米..</b><span class=""badge badge-pill""><big class=""red num02"">119,900</big>起</span></a></div>"
86,"<div class=""col-sm-6""><a class=""list-group-item list-group-item-action d-flex justify-content-between"" href=""/TOU/TOU0010/23EUE12G"" title=""《金鳳凰》瑞士峰雲.德國堡鑑12天(限額收客.飯店內晚餐..""><b>《金鳳凰》瑞士峰雲.德國堡鑑12天(限額收客.飯店內晚餐..</b><span class=""badge badge-pill""><big class=""red num02"">179,000</big>起</span></a></div>"
87,"<div class=""col-sm-6""><a class=""list-group-item list-group-item-action d-flex justify-content-between"" href=""/TOU/TOU0010/22EUE13FZ^22EUE13FZ2^23EUE13FZ2"" title=""德瑞絕色峰華三大名峰13天（雙遊船、雙堡宮殿、米其林美食..""><b>德瑞絕色峰華三大名峰13天（雙遊船、雙堡宮殿、米其林美食..</b><span class=""badge badge-pill""><big class=""red num02"">152,900</big>起</span></a></div>"
88,"<div class=""col-sm-6""><a class=""list-group-item list-group-item-action d-flex justify-content-between"" href=""/TOU/TOU0010/23EUF12BR"" title=""登峰造極~法瑞義.鐵力士山12天(全球最陡滾輪列車.雙高..""><b>登峰造極~法瑞義.鐵力士山12天(全球最陡滾輪列車.雙高..</b><span class=""badge badge-pill""><big class=""red num02"">123,900</big>起</span></a></div>"
89,"<div class=""col-sm-6""><a class=""list-group-item list-group-item-action d-flex justify-content-between"" href=""/TOU/TOU0010/23EUE10DA^23EUE10DABR"" title=""德意志湖光山語花之島10天（楚格峰、國王湖、鹽洞、美娜島..""><b>德意志湖光山語花之島10天（楚格峰、國王湖、鹽洞、美娜島..</b><span class=""badge badge-pill""><big class=""red num02"">94,900</big>起</span></a></div>"
90,"<div class=""col-sm-6""><a class=""list-group-item list-group-item-action d-flex justify-content-between"" href=""/TOU/TOU0010/23EUE12G"" title=""《金鳳凰》瑞士峰雲.德國堡鑑12天(限額收客.飯店內晚餐..""><b>《金鳳凰》瑞士峰雲.德國堡鑑12天(限額收客.飯店內晚餐..</b><span class=""badge badge-pill""><big class=""red num02"">179,000</big>起</span></a></div>"
91,"<div class=""col-sm-6""><a class=""list-group-item list-group-item-action d-flex justify-content-between"" href=""/TOU/TOU0010/23EUE13APR"" title=""德意志縱橫全覽13天（雙超跑、雙宮、米其林、萊茵河遊船、..""><b>德意志縱橫全覽13天（雙超跑、雙宮、米其林、萊茵河遊船、..</b><span class=""badge badge-pill""><big class=""red num02"">129,900</big>起</span></a></div>"
92,"<div class=""col-sm-6""><a class=""list-group-item list-group-item-action d-flex justify-content-between"" href=""/TOU/TOU0010/23EUE12FF"" title=""德意志縱橫全覽12天（BMW、雙宮、米其林、萊茵河遊船、..""><b>德意志縱橫全覽12天（BMW、雙宮、米其林、萊茵河遊船、..</b><span class=""badge badge-pill""><big class=""red num02"">127,900</big>起</span></a></div>"
93,"<div class=""col-sm-6""><a class=""list-group-item list-group-item-action d-flex justify-content-between"" href=""/TOU/TOU0010/23EUE13FF^23EUE13MU"" title=""德意志縱橫全覽13天（雙超跑、雙宮、米其林、萊茵河遊船、..""><b>德意志縱橫全覽13天（雙超跑、雙宮、米其林、萊茵河遊船、..</b><span class=""badge badge-pill""><big class=""red num02"">137,900</big>起</span></a></div>"
94,"<div class=""col-sm-6""><a class=""list-group-item list-group-item-action d-flex justify-content-between"" href=""/TOU/TOU0010/23EUE13DMM"" title=""德瑞雙峰萊茵情話13天(雙堡.雙遊船.雙評鑑美食.雙米其..""><b>德瑞雙峰萊茵情話13天(雙堡.雙遊船.雙評鑑美食.雙米其..</b><span class=""badge badge-pill""><big class=""red num02"">149,900</big>起</span></a></div>"
95,"<div class=""col-sm-6""><a class=""list-group-item list-group-item-action d-flex justify-content-between"" href=""/TOU/TOU0010/23EUE14G"" title=""《金鳳凰》阿爾卑斯山東麓.山水祕境14天(多洛米提.高薩..""><b>《金鳳凰》阿爾卑斯山東麓.山水祕境14天(多洛米提.高薩..</b><span class=""badge badge-pill""><big class=""red num02"">210,000</big>起</span></a></div>"
96,"<div class=""col-sm-6""><a class=""list-group-item list-group-item-action d-flex justify-content-between"" href=""/TOU/TOU0010/22EUR10RP"" title=""浪漫義瑞法三國10天自由行 （兩人成行）Europamu..""><b>浪漫義瑞法三國10天自由行 （兩人成行）Europamu..</b><span class=""badge badge-pill""><big class=""red num02"">41,999</big>起</span></a></div>"
97,"<div class=""col-sm-6""><a class=""list-group-item list-group-item-action d-flex justify-content-between"" href=""/TOU/TOU0010/23EUE14ZH"" title=""《金鳳凰》瑞士極盡峰景14天(限額收客.飯店內晚餐.五星..""><b>《金鳳凰》瑞士極盡峰景14天(限額收客.飯店內晚餐.五星..</b><span class=""badge badge-pill""><big class=""red num02"">233,000</big>起</span></a></div>"
98,"<div class=""col-sm-6""><a class=""list-group-item list-group-item-action d-flex justify-content-between"" href=""/TOU/TOU0010/23EUE10BR2"" title=""瑞士名峰景觀火車10天(雙峰、雙遊船、雙纜車、三大景觀列..""><b>瑞士名峰景觀火車10天(雙峰、雙遊船、雙纜車、三大景觀列..</b><span class=""badge badge-pill""><big class=""red num02"">132,900</big>起</span></a></div>"
99,"<div class=""col-sm-6""><a class=""list-group-item list-group-item-action d-flex justify-content-between"" href=""/TOU/TOU0010/22EUE12ZRHTG^23EUE12ZRHEK"" title=""瑞士阿爾卑斯峰雲會12天(五大名峰、三大景觀列車、雙遊船..""><b>瑞士阿爾卑斯峰雲會12天(五大名峰、三大景觀列車、雙遊船..</b><span class=""badge badge-pill""><big class=""red num02"">178,900</big>起</span></a></div>"
100,"<div class=""col-sm-6""><a class=""list-group-item list-group-item-action d-flex justify-content-between"" href=""/TOU/TOU0010/23EUE12G"" title=""《金鳳凰》瑞士峰雲.德國堡鑑12天(限額收客.飯店內晚餐..""><b>《金鳳凰》瑞士峰雲.德國堡鑑12天(限額收客.飯店內晚餐..</b><span class=""badge badge-pill""><big class=""red num02"">179,000</big>起</span></a></div>"
101,"<div class=""col-sm-6""><a class=""list-group-item list-group-item-action d-flex justify-content-between"" href=""/TOU/TOU0010/23EUF12BR"" title=""登峰造極~法瑞義.鐵力士山12天(全球最陡滾輪列車.雙高..""><b>登峰造極~法瑞義.鐵力士山12天(全球最陡滾輪列車.雙高..</b><span class=""badge badge-pill""><big class=""red num02"">123,900</big>起</span></a></div>"
102,"<div class=""col-sm-6""><a class=""list-group-item list-group-item-action d-flex justify-content-between"" href=""/TOU/TOU0010/22EUE13PA"" title=""精緻歐洲七國13天自由行 （兩人成行）Europamun..""><b>精緻歐洲七國13天自由行 （兩人成行）Europamun..</b><span class=""badge badge-pill""><big class=""red num02"">58,999</big>起</span></a></div>"
103,"<div class=""col-sm-6""><a class=""list-group-item list-group-item-action d-flex justify-content-between"" href=""/TOU/TOU0010/23EUE13PBTK"" title=""94愛波波~波蘭、波羅的海三小國13天（琥珀王國、古堡、..""><b>94愛波波~波蘭、波羅的海三小國13天（琥珀王國、古堡、..</b><span class=""badge badge-pill""><big class=""red num02"">128,900</big>起</span></a></div>"
104,"<div class=""col-sm-6""><a class=""list-group-item list-group-item-action d-flex justify-content-between"" href=""/TOU/TOU0010/18EUE10PSHWINTER"" title=""波斯匈雋永之旅10天(波蘭、斯洛伐克、匈牙利)""><b>波斯匈雋永之旅10天(波蘭、斯洛伐克、匈牙利)</b><span class=""badge badge-pill""><big class=""red num02"">104,900</big>起</span></a></div>"
105,"<div class=""col-sm-6""><a class=""list-group-item list-group-item-action d-flex justify-content-between"" href=""/TOU/TOU0010/23EUE10VVCP^23EUE10MVCP^23EUE10PP^23EUE10MMCP^23EUE10MVCP230423"" title=""愛上布拉格奧捷雙宮10天""><b>愛上布拉格奧捷雙宮10天</b><span class=""badge badge-pill""><big class=""red num02"">86,900</big>起</span></a></div>"
106,"<div class=""col-sm-6""><a class=""list-group-item list-group-item-action d-flex justify-content-between"" href=""/TOU/TOU0010/22EUE10V^23EUE10ACM^22EUE10VBR^23EUE10MV^23EUE10CIPP^22EUE10V230521"" title=""經典奧捷‧波希米亞風情10天""><b>經典奧捷‧波希米亞風情10天</b><span class=""badge badge-pill""><big class=""red num02"">101,900</big>起</span></a></div>"
107,"<div class=""col-sm-6""><a class=""list-group-item list-group-item-action d-flex justify-content-between"" href=""/TOU/TOU0010/23EUE11PV"" title=""愛上布拉格奧捷雙宮11天(雙點進出)     慶開航~~..""><b>愛上布拉格奧捷雙宮11天(雙點進出)     慶開航~~..</b><span class=""badge badge-pill""><big class=""red num02"">91,900</big>起</span></a></div>"
108,"<div class=""col-sm-6""><a class=""list-group-item list-group-item-action d-flex justify-content-between"" href=""/TOU/TOU0010/23EUE11BP"" title=""奧捷斯匈華麗傳奇11天 邂逅世界最美咖啡館（兒童火車、雙..""><b>奧捷斯匈華麗傳奇11天 邂逅世界最美咖啡館（兒童火車、雙..</b><span class=""badge badge-pill""><big class=""red num02"">119,900</big>起</span></a></div>"
109,"<div class=""col-sm-6""><a class=""list-group-item list-group-item-action d-flex justify-content-between"" href=""/TOU/TOU0010/23EUE11DVP"" title=""愛上布拉格奧捷雙宮11天(雙點進出)慶開航~~~啤酒暢飲..""><b>愛上布拉格奧捷雙宮11天(雙點進出)慶開航~~~啤酒暢飲..</b><span class=""badge badge-pill""><big class=""red num02"">91,900</big>起</span></a></div>"
110,"<div class=""col-sm-6""><a class=""list-group-item list-group-item-action d-flex justify-content-between"" href=""/TOU/TOU0010/23EUE12V"" title=""奧妙捷奏‧慢遊12天(五星七晚、美食特色餐廳、加贈布拉格..""><b>奧妙捷奏‧慢遊12天(五星七晚、美食特色餐廳、加贈布拉格..</b><span class=""badge badge-pill""><big class=""red num02"">138,900</big>起</span></a></div>"
111,"<div class=""col-sm-6""><a class=""list-group-item list-group-item-action d-flex justify-content-between"" href=""/TOU/TOU0010/23EUE12VBR"" title=""奧妙捷奏‧慢遊12天(五星七晚、美食特色餐廳、加贈維也納..""><b>奧妙捷奏‧慢遊12天(五星七晚、美食特色餐廳、加贈維也納..</b><span class=""badge badge-pill""><big class=""red num02"">138,900</big>起</span></a></div>"
112,"<div class=""col-sm-6""><a class=""list-group-item list-group-item-action d-flex justify-content-between"" href=""/TOU/TOU0010/23EUE17A"" title=""《金鳳凰》東歐六國-經典世遺.景點精華大全覽17天(限額..""><b>《金鳳凰》東歐六國-經典世遺.景點精華大全覽17天(限額..</b><span class=""badge badge-pill""><big class=""red num02"">219,000</big>起</span></a></div>"
113,"<div class=""col-sm-6""><a class=""list-group-item list-group-item-action d-flex justify-content-between"" href=""/TOU/TOU0010/23EUE13PSH"" title=""波斯匈雋永之旅13天(波蘭、斯洛伐克、匈牙利；雙國家公園..""><b>波斯匈雋永之旅13天(波蘭、斯洛伐克、匈牙利；雙國家公園..</b><span class=""badge badge-pill""><big class=""red num02"">145,900</big>起</span></a></div>"
114,"<div class=""col-sm-6""><a class=""list-group-item list-group-item-action d-flex justify-content-between"" href=""/TOU/TOU0010/22EUE13CSM^23EUE13CSMAPR^23EUE13CSMAPR230428"" title=""克.斯.蒙 跳島之旅13天 (雙國家公園.雙米其林.三纜..""><b>克.斯.蒙 跳島之旅13天 (雙國家公園.雙米其林.三纜..</b><span class=""badge badge-pill""><big class=""red num02"">131,900</big>起</span></a></div>"
115,"<div class=""col-sm-6""><a class=""list-group-item list-group-item-action d-flex justify-content-between"" href=""/TOU/TOU0010/23EUE11A"" title=""《金鳳凰》東歐五國-經典世遺.景點精華全覽11天(限額收..""><b>《金鳳凰》東歐五國-經典世遺.景點精華全覽11天(限額收..</b><span class=""badge badge-pill""><big class=""red num02"">162,000</big>起</span></a></div>"
116,"<div class=""col-sm-6""><a class=""list-group-item list-group-item-action d-flex justify-content-between"" href=""/TOU/TOU0010/23EUE10VVCP^23EUE10MVCP^23EUE10PP^23EUE10MMCP^23EUE10MVCP230423"" title=""愛上布拉格奧捷雙宮10天""><b>愛上布拉格奧捷雙宮10天</b><span class=""badge badge-pill""><big class=""red num02"">86,900</big>起</span></a></div>"
117,"<div class=""col-sm-6""><a class=""list-group-item list-group-item-action d-flex justify-content-between"" href=""/TOU/TOU0010/22EUI08RV"" title=""古典交響曲義奧8天自由行 （兩人成行）Europamun..""><b>古典交響曲義奧8天自由行 （兩人成行）Europamun..</b><span class=""badge badge-pill""><big class=""red num02"">33,999</big>起</span></a></div>"
118,"<div class=""col-sm-6""><a class=""list-group-item list-group-item-action d-flex justify-content-between"" href=""/TOU/TOU0010/22EUE10V^23EUE10ACM^22EUE10VBR^23EUE10MV^23EUE10CIPP^22EUE10V230521"" title=""經典奧捷‧波希米亞風情10天""><b>經典奧捷‧波希米亞風情10天</b><span class=""badge badge-pill""><big class=""red num02"">101,900</big>起</span></a></div>"
119,"<div class=""col-sm-6""><a class=""list-group-item list-group-item-action d-flex justify-content-between"" href=""/TOU/TOU0010/23EUE11BP"" title=""奧捷斯匈華麗傳奇11天 邂逅世界最美咖啡館（兒童火車、雙..""><b>奧捷斯匈華麗傳奇11天 邂逅世界最美咖啡館（兒童火車、雙..</b><span class=""badge badge-pill""><big class=""red num02"">119,900</big>起</span></a></div>"
120,"<div class=""col-sm-6""><a class=""list-group-item list-group-item-action d-flex justify-content-between"" href=""/TOU/TOU0010/23EUE12V"" title=""奧妙捷奏‧慢遊12天(五星七晚、美食特色餐廳、加贈布拉格..""><b>奧妙捷奏‧慢遊12天(五星七晚、美食特色餐廳、加贈布拉格..</b><span class=""badge badge-pill""><big class=""red num02"">138,900</big>起</span></a></div>"
121,"<div class=""col-sm-6""><a class=""list-group-item list-group-item-action d-flex justify-content-between"" href=""/TOU/TOU0010/23EUE12VBR"" title=""奧妙捷奏‧慢遊12天(五星七晚、美食特色餐廳、加贈維也納..""><b>奧妙捷奏‧慢遊12天(五星七晚、美食特色餐廳、加贈維也納..</b><span class=""badge badge-pill""><big class=""red num02"">138,900</big>起</span></a></div>"
122,"<div class=""col-sm-6""><a class=""list-group-item list-group-item-action d-flex justify-content-between"" href=""/TOU/TOU0010/23EUE17A"" title=""《金鳳凰》東歐六國-經典世遺.景點精華大全覽17天(限額..""><b>《金鳳凰》東歐六國-經典世遺.景點精華大全覽17天(限額..</b><span class=""badge badge-pill""><big class=""red num02"">219,000</big>起</span></a></div>"
123,"<div class=""col-sm-6""><a class=""list-group-item list-group-item-action d-flex justify-content-between"" href=""/TOU/TOU0010/23EUE14G"" title=""《金鳳凰》阿爾卑斯山東麓.山水祕境14天(多洛米提.高薩..""><b>《金鳳凰》阿爾卑斯山東麓.山水祕境14天(多洛米提.高薩..</b><span class=""badge badge-pill""><big class=""red num02"">210,000</big>起</span></a></div>"
124,"<div class=""col-sm-6""><a class=""list-group-item list-group-item-action d-flex justify-content-between"" href=""/TOU/TOU0010/23EUE11A"" title=""《金鳳凰》東歐五國-經典世遺.景點精華全覽11天(限額收..""><b>《金鳳凰》東歐五國-經典世遺.景點精華全覽11天(限額收..</b><span class=""badge badge-pill""><big class=""red num02"">162,000</big>起</span></a></div>"
125,"<div class=""col-sm-6""><a class=""list-group-item list-group-item-action d-flex justify-content-between"" href=""/TOU/TOU0010/23EUE10VVCP^23EUE10MVCP^23EUE10PP^23EUE10MMCP^23EUE10MVCP230423"" title=""愛上布拉格奧捷雙宮10天""><b>愛上布拉格奧捷雙宮10天</b><span class=""badge badge-pill""><big class=""red num02"">86,900</big>起</span></a></div>"
126,"<div class=""col-sm-6""><a class=""list-group-item list-group-item-action d-flex justify-content-between"" href=""/TOU/TOU0010/22EUE10V^23EUE10ACM^22EUE10VBR^23EUE10MV^23EUE10CIPP^22EUE10V230521"" title=""經典奧捷‧波希米亞風情10天""><b>經典奧捷‧波希米亞風情10天</b><span class=""badge badge-pill""><big class=""red num02"">101,900</big>起</span></a></div>"
127,"<div class=""col-sm-6""><a class=""list-group-item list-group-item-action d-flex justify-content-between"" href=""/TOU/TOU0010/23EUE11BP"" title=""奧捷斯匈華麗傳奇11天 邂逅世界最美咖啡館（兒童火車、雙..""><b>奧捷斯匈華麗傳奇11天 邂逅世界最美咖啡館（兒童火車、雙..</b><span class=""badge badge-pill""><big class=""red num02"">119,900</big>起</span></a></div>"
128,"<div class=""col-sm-6""><a class=""list-group-item list-group-item-action d-flex justify-content-between"" href=""/TOU/TOU0010/23EUE12V"" title=""奧妙捷奏‧慢遊12天(五星七晚、美食特色餐廳、加贈布拉格..""><b>奧妙捷奏‧慢遊12天(五星七晚、美食特色餐廳、加贈布拉格..</b><span class=""badge badge-pill""><big class=""red num02"">138,900</big>起</span></a></div>"
129,"<div class=""col-sm-6""><a class=""list-group-item list-group-item-action d-flex justify-content-between"" href=""/TOU/TOU0010/23EUE12VBR"" title=""奧妙捷奏‧慢遊12天(五星七晚、美食特色餐廳、加贈維也納..""><b>奧妙捷奏‧慢遊12天(五星七晚、美食特色餐廳、加贈維也納..</b><span class=""badge badge-pill""><big class=""red num02"">138,900</big>起</span></a></div>"
130,"<div class=""col-sm-6""><a class=""list-group-item list-group-item-action d-flex justify-content-between"" href=""/TOU/TOU0010/23EUE11A"" title=""《金鳳凰》東歐五國-經典世遺.景點精華全覽11天(限額收..""><b>《金鳳凰》東歐五國-經典世遺.景點精華全覽11天(限額收..</b><span class=""badge badge-pill""><big class=""red num02"">162,000</big>起</span></a></div>"
131,"<div class=""col-sm-6""><a class=""list-group-item list-group-item-action d-flex justify-content-between"" href=""/TOU/TOU0010/23EUE11BP"" title=""奧捷斯匈華麗傳奇11天 邂逅世界最美咖啡館（兒童火車、雙..""><b>奧捷斯匈華麗傳奇11天 邂逅世界最美咖啡館（兒童火車、雙..</b><span class=""badge badge-pill""><big class=""red num02"">119,900</big>起</span></a></div>"
132,"<div class=""col-sm-6""><a class=""list-group-item list-group-item-action d-flex justify-content-between"" href=""/TOU/TOU0010/23EUE17A"" title=""《金鳳凰》東歐六國-經典世遺.景點精華大全覽17天(限額..""><b>《金鳳凰》東歐六國-經典世遺.景點精華大全覽17天(限額..</b><span class=""badge badge-pill""><big class=""red num02"">219,000</big>起</span></a></div>"
133,"<div class=""col-sm-6""><a class=""list-group-item list-group-item-action d-flex justify-content-between"" href=""/TOU/TOU0010/23EUE11A"" title=""《金鳳凰》東歐五國-經典世遺.景點精華全覽11天(限額收..""><b>《金鳳凰》東歐五國-經典世遺.景點精華全覽11天(限額收..</b><span class=""badge badge-pill""><big class=""red num02"">162,000</big>起</span></a></div>"
134,"<div class=""col-sm-6""><a class=""list-group-item list-group-item-action d-flex justify-content-between"" href=""/TOU/TOU0010/23EUE13PBTK"" title=""94愛波波~波蘭、波羅的海三小國13天（琥珀王國、古堡、..""><b>94愛波波~波蘭、波羅的海三小國13天（琥珀王國、古堡、..</b><span class=""badge badge-pill""><big class=""red num02"">128,900</big>起</span></a></div>"
135,"<div class=""col-sm-6""><a class=""list-group-item list-group-item-action d-flex justify-content-between"" href=""/TOU/TOU0010/18EUE10PSHWINTER"" title=""波斯匈雋永之旅10天(波蘭、斯洛伐克、匈牙利)""><b>波斯匈雋永之旅10天(波蘭、斯洛伐克、匈牙利)</b><span class=""badge badge-pill""><big class=""red num02"">104,900</big>起</span></a></div>"
136,"<div class=""col-sm-6""><a class=""list-group-item list-group-item-action d-flex justify-content-between"" href=""/TOU/TOU0010/23EUE13PSH"" title=""波斯匈雋永之旅13天(波蘭、斯洛伐克、匈牙利；雙國家公園..""><b>波斯匈雋永之旅13天(波蘭、斯洛伐克、匈牙利；雙國家公園..</b><span class=""badge badge-pill""><big class=""red num02"">145,900</big>起</span></a></div>"
137,"<div class=""col-sm-6""><a class=""list-group-item list-group-item-action d-flex justify-content-between"" href=""/TOU/TOU0010/23EUE17A"" title=""《金鳳凰》東歐六國-經典世遺.景點精華大全覽17天(限額..""><b>《金鳳凰》東歐六國-經典世遺.景點精華大全覽17天(限額..</b><span class=""badge badge-pill""><big class=""red num02"">219,000</big>起</span></a></div>"
138,"<div class=""col-sm-6""><a class=""list-group-item list-group-item-action d-flex justify-content-between"" href=""/TOU/TOU0010/22EUE13CSM^23EUE13CSMAPR^23EUE13CSMAPR230428"" title=""克.斯.蒙 跳島之旅13天 (雙國家公園.雙米其林.三纜..""><b>克.斯.蒙 跳島之旅13天 (雙國家公園.雙米其林.三纜..</b><span class=""badge badge-pill""><big class=""red num02"">131,900</big>起</span></a></div>"
139,"<div class=""col-sm-6""><a class=""list-group-item list-group-item-action d-flex justify-content-between"" href=""/TOU/TOU0010/23EUE11A"" title=""《金鳳凰》東歐五國-經典世遺.景點精華全覽11天(限額收..""><b>《金鳳凰》東歐五國-經典世遺.景點精華全覽11天(限額收..</b><span class=""badge badge-pill""><big class=""red num02"">162,000</big>起</span></a></div>"
140,"<div class=""col-sm-6""><a class=""list-group-item list-group-item-action d-flex justify-content-between"" href=""/TOU/TOU0010/23EUE17A"" title=""《金鳳凰》東歐六國-經典世遺.景點精華大全覽17天(限額..""><b>《金鳳凰》東歐六國-經典世遺.景點精華大全覽17天(限額..</b><span class=""badge badge-pill""><big class=""red num02"">219,000</big>起</span></a></div>"
141,"<div class=""col-sm-6""><a class=""list-group-item list-group-item-action d-flex justify-content-between"" href=""/TOU/TOU0010/23EUE17A"" title=""《金鳳凰》東歐六國-經典世遺.景點精華大全覽17天(限額..""><b>《金鳳凰》東歐六國-經典世遺.景點精華大全覽17天(限額..</b><span class=""badge badge-pill""><big class=""red num02"">219,000</big>起</span></a></div>"
142,"<div class=""col-sm-6""><a class=""list-group-item list-group-item-action d-flex justify-content-between"" href=""/TOU/TOU0010/23EUE11A"" title=""《金鳳凰》東歐五國-經典世遺.景點精華全覽11天(限額收..""><b>《金鳳凰》東歐五國-經典世遺.景點精華全覽11天(限額收..</b><span class=""badge badge-pill""><big class=""red num02"">162,000</big>起</span></a></div>"
143,"<div class=""col-sm-6""><a class=""list-group-item list-group-item-action d-flex justify-content-between"" href=""/TOU/TOU0010/22EUN10DEM"" title=""北歐四國全覽10天自由行 （兩人成行）Europamun..""><b>北歐四國全覽10天自由行 （兩人成行）Europamun..</b><span class=""badge badge-pill""><big class=""red num02"">52,999</big>起</span></a></div>"
144,"<div class=""col-sm-6""><a class=""list-group-item list-group-item-action d-flex justify-content-between"" href=""/TOU/TOU0010/23EUE13PBTK"" title=""94愛波波~波蘭、波羅的海三小國13天（琥珀王國、古堡、..""><b>94愛波波~波蘭、波羅的海三小國13天（琥珀王國、古堡、..</b><span class=""badge badge-pill""><big class=""red num02"">128,900</big>起</span></a></div>"
145,"<div class=""col-sm-6""><a class=""list-group-item list-group-item-action d-flex justify-content-between"" href=""/TOU/TOU0010/23EUN11AL-3^23EUN11AL-2"" title=""鯨艷冰島全覽金環10天  (賞鯨船.雙溫泉. 冰川健行...""><b>鯨艷冰島全覽金環10天  (賞鯨船.雙溫泉. 冰川健行...</b><span class=""badge badge-pill""><big class=""red num02"">162,900</big>起</span></a></div>"
146,"<div class=""col-sm-6""><a class=""list-group-item list-group-item-action d-flex justify-content-between"" href=""/TOU/TOU0010/23EUN10HC"" title=""北歐四國 雙峽灣、遊輪、高山景觀列車10天""><b>北歐四國 雙峽灣、遊輪、高山景觀列車10天</b><span class=""badge badge-pill""><big class=""red num02"">105,900</big>起</span></a></div>"
147,"<div class=""col-sm-6""><a class=""list-group-item list-group-item-action d-flex justify-content-between"" href=""/TOU/TOU0010/20EUN13HNFD0503^23EUN13HNFD0417"" title=""北歐四國 三峽灣、遊輪、高山景觀列車極峰13天(瑞典、芬..""><b>北歐四國 三峽灣、遊輪、高山景觀列車極峰13天(瑞典、芬..</b><span class=""badge badge-pill""><big class=""red num02"">129,900</big>起</span></a></div>"
148,"<div class=""col-sm-6""><a class=""list-group-item list-group-item-action d-flex justify-content-between"" href=""/TOU/TOU0010/23EUN13A"" title=""丹麥冰島挪威三大峽灣勞瑪鐵道 13 天""><b>丹麥冰島挪威三大峽灣勞瑪鐵道 13 天</b><span class=""badge badge-pill""><big class=""red num02"">232,900</big>起</span></a></div>"
149,"<div class=""col-sm-6""><a class=""list-group-item list-group-item-action d-flex justify-content-between"" href=""/TOU/TOU0010/23EUN10EK"" title=""挪威峽灣祕境深度10天(高山景觀火車. 雙峽灣遊船. 三..""><b>挪威峽灣祕境深度10天(高山景觀火車. 雙峽灣遊船. 三..</b><span class=""badge badge-pill""><big class=""red num02"">142,900</big>起</span></a></div>"
150,"<div class=""col-sm-6""><a class=""list-group-item list-group-item-action d-flex justify-content-between"" href=""/TOU/TOU0010/23EUN13HVC1^23EUN13HCV2"" title=""波羅的海、北歐七國三峽灣、維京遊蹤13天""><b>波羅的海、北歐七國三峽灣、維京遊蹤13天</b><span class=""badge badge-pill""><big class=""red num02"">134,900</big>起</span></a></div>"
151,"<div class=""col-sm-6""><a class=""list-group-item list-group-item-action d-flex justify-content-between"" href=""/TOU/TOU0010/23EUN13QR"" title=""探索北歐五國. 三峽灣. 冰川秘境 13天(藍色溫泉湖...""><b>探索北歐五國. 三峽灣. 冰川秘境 13天(藍色溫泉湖...</b><span class=""badge badge-pill""><big class=""red num02"">202,900</big>起</span></a></div>"
152,"<div class=""col-sm-6""><a class=""list-group-item list-group-item-action d-flex justify-content-between"" href=""/TOU/TOU0010/23EUN11AL-3^23EUN11AL-2"" title=""鯨艷冰島全覽金環10天  (賞鯨船.雙溫泉. 冰川健行...""><b>鯨艷冰島全覽金環10天  (賞鯨船.雙溫泉. 冰川健行...</b><span class=""badge badge-pill""><big class=""red num02"">162,900</big>起</span></a></div>"
153,"<div class=""col-sm-6""><a class=""list-group-item list-group-item-action d-flex justify-content-between"" href=""/TOU/TOU0010/23EUE13PBTK"" title=""94愛波波~波蘭、波羅的海三小國13天（琥珀王國、古堡、..""><b>94愛波波~波蘭、波羅的海三小國13天（琥珀王國、古堡、..</b><span class=""badge badge-pill""><big class=""red num02"">128,900</big>起</span></a></div>"
154,"<div class=""col-sm-6""><a class=""list-group-item list-group-item-action d-flex justify-content-between"" href=""/TOU/TOU0010/22ERC12RHBA"" title=""寰宇河輪假期 - 庫肯霍夫 賞花趣 萊茵城堡巡禮 12 ..""><b>寰宇河輪假期 - 庫肯霍夫 賞花趣 萊茵城堡巡禮 12 ..</b><span class=""badge badge-pill""><big class=""red num02"">258,800</big>起</span></a></div>"
155,"<div class=""col-sm-6""><a class=""list-group-item list-group-item-action d-flex justify-content-between"" href=""/TOU/TOU0010/23ERC12RHBA"" title=""寰宇河輪假期 - 水上童話小鎮 萊茵城堡巡禮 12 天(..""><b>寰宇河輪假期 - 水上童話小鎮 萊茵城堡巡禮 12 天(..</b><span class=""badge badge-pill""><big class=""red num02"">248,880</big>起</span></a></div>"
156,"<div class=""col-sm-6""><a class=""list-group-item list-group-item-action d-flex justify-content-between"" href=""/TOU/TOU0010/24ERC12RHBAC"" title=""寰宇河輪假期 - 主廚味蕾饗宴 庫肯霍夫 賞花趣 萊茵城..""><b>寰宇河輪假期 - 主廚味蕾饗宴 庫肯霍夫 賞花趣 萊茵城..</b><span class=""badge badge-pill""><big class=""red num02"">288,800</big>起</span></a></div>"
157,"<div class=""col-sm-6""><a class=""list-group-item list-group-item-action d-flex justify-content-between"" href=""/TOU/TOU0010/23ERC12DONBP"" title=""寰宇河輪假期 - 魅力多瑙河 國王湖區 12 天 (團體..""><b>寰宇河輪假期 - 魅力多瑙河 國王湖區 12 天 (團體..</b><span class=""badge badge-pill""><big class=""red num02"">268,800</big>起</span></a></div>"
